Workbook

Sheet Sheet1
A1: Current Property Listings
A3: Date | B3: Listing Price | C3: Property Location | D3: County | E3: Avg Home Price | F3: Sales Agent | G3: Price Compared to Avg Home Price
A4: 45189 | B4: 69900 | C4: Boardson | D4: =VLOOKUP(Sheet1!$C4,City_CountyData[],2,0) -> Bon Homme | E4: =VLOOKUP(Sheet1!$C4,City_CountyData[],3,0) -> 323188 | F4: Grady | G4: =Sheet1!$B4-Sheet1!$E4 -> -253288
A5: 45013 | B5: 235000 | C5: Springfield | D5: =VLOOKUP(Sheet1!$C5,City_CountyData[],2,0) -> Bon Homme | E5: =VLOOKUP(Sheet1!$C5,City_CountyData[],3,0) -> 323188 | F5: Boone | G5: =Sheet1!$B5-Sheet1!$E5 -> -88188
B6: =SUBTOTAL(1,B4:B5) -> 152450 | D6: Bon Homme Average
A7: 45178 | B7: 498000 | C7: Aberdeen | D7: =VLOOKUP(Sheet1!$C7,City_CountyData[],2,0) -> Brown | E7: =VLOOKUP(Sheet1!$C7,City_CountyData[],3,0) -> 235241 | F7: Alvarez | G7: =Sheet1!$B7-Sheet1!$E7 -> 262759
A8: 45002 | B8: 420000 | C8: Aberdeen | D8: =VLOOKUP(Sheet1!$C8,City_CountyData[],2,0) -> Brown | E8: =VLOOKUP(Sheet1!$C8,City_CountyData[],3,0) -> 235241 | F8: Patel | G8: =Sheet1!$B8-Sheet1!$E8 -> 184759
A9: 44941 | B9: 299000 | C9: Aberdeen | D9: =VLOOKUP(Sheet1!$C9,City_CountyData[],2,0) -> Brown | E9: =VLOOKUP(Sheet1!$C9,City_CountyData[],3,0) -> 235241 | F9: Williams | G9: =Sheet1!$B9-Sheet1!$E9 -> 63759
A10: 45128 | B10: 239900 | C10: Aberdeen | D10: =VLOOKUP(Sheet1!$C10,City_CountyData[],2,0) -> Brown | E10: =VLOOKUP(Sheet1!$C10,City_CountyData[],3,0) -> 235241 | F10: Boone | G10: =Sheet1!$B10-Sheet1!$E10 -> 4659
A11: 45057 | B11: 129400 | C11: Aberdeen | D11: =VLOOKUP(Sheet1!$C11,City_CountyData[],2,0) -> Brown | E11: =VLOOKUP(Sheet1!$C11,City_CountyData[],3,0) -> 235241 | F11: Robinson | G11: =Sheet1!$B11-Sheet1!$E11 -> -105841
B12: =SUBTOTAL(1,B7:B11) -> 317260 | D12: Brown Average
A13: 45227 | B13: 467000 | C13: Chamberlain | D13: =VLOOKUP(Sheet1!$C13,City_CountyData[],2,0) -> Brule | E13: =VLOOKUP(Sheet1!$C13,City_CountyData[],3,0) -> 278201 | F13: Grady | G13: =Sheet1!$B13-Sheet1!$E13 -> 188799
A14: 45010 | B14: 387000 | C14: Chamberlain | D14: =VLOOKUP(Sheet1!$C14,City_CountyData[],2,0) -> Brule | E14: =VLOOKUP(Sheet1!$C14,City_CountyData[],3,0) -> 278201 | F14: Ford | G14: =Sheet1!$B14-Sheet1!$E14 -> 108799
B15: =SUBTOTAL(1,B13:B14) -> 427000 | D15: Brule Average
A16: 44982 | B16: 379900 | C16: Belle Fourche | D16: =VLOOKUP(Sheet1!$C16,City_CountyData[],2,0) -> Butte | E16: =VLOOKUP(Sheet1!$C16,City_CountyData[],3,0) -> 179453 | F16: Alvarez | G16: =Sheet1!$B16-Sheet1!$E16 -> 200447
A17: 45260 | B17: 526900 | C17: Cedarburg | D17: =VLOOKUP(Sheet1!$C17,City_CountyData[],2,0) -> Butte | E17: =VLOOKUP(Sheet1!$C17,City_CountyData[],3,0) -> 179453 | F17: Crenshaw | G17: =Sheet1!$B17-Sheet1!$E17 -> 347447
B18: =SUBTOTAL(1,B16:B17) -> 453400 | D18: Butte Average
A19: 45169 | B19: 46900 | C19: Fall City | D19: =VLOOKUP(Sheet1!$C19,City_CountyData[],2,0) -> Charles Mix | E19: =VLOOKUP(Sheet1!$C19,City_CountyData[],3,0) -> 188622 | F19: Vermeer | G19: =Sheet1!$B19-Sheet1!$E19 -> -141722
A20: 45162 | B20: 269000 | C20: Wagner | D20: =VLOOKUP(Sheet1!$C20,City_CountyData[],2,0) -> Charles Mix | E20: =VLOOKUP(Sheet1!$C20,City_CountyData[],3,0) -> 188622 | F20: Alvarez | G20: =Sheet1!$B20-Sheet1!$E20 -> 80378
A21: 45023 | B21: 104900 | C21: Wagner | D21: =VLOOKUP(Sheet1!$C21,City_CountyData[],2,0) -> Charles Mix | E21: =VLOOKUP(Sheet1!$C21,City_CountyData[],3,0) -> 188622 | F21: Vermeer | G21: =Sheet1!$B21-Sheet1!$E21 -> -83722
B22: =SUBTOTAL(1,B19:B21) -> 140266.67 | D22: Charles Mix Average
A23: 45196 | B23: 249500 | C23: Mason | D23: =VLOOKUP(Sheet1!$C23,City_CountyData[],2,0) -> Clay | E23: =VLOOKUP(Sheet1!$C23,City_CountyData[],3,0) -> 227418 | F23: Boone | G23: =Sheet1!$B23-Sheet1!$E23 -> 22082
A24: 45186 | B24: 89900 | C24: Mason | D24: =VLOOKUP(Sheet1!$C24,City_CountyData[],2,0) -> Clay | E24: =VLOOKUP(Sheet1!$C24,City_CountyData[],3,0) -> 227418 | F24: Nguyen | G24: =Sheet1!$B24-Sheet1!$E24 -> -137518
A25: 44969 | B25: 105000 | C25: Vermillion | D25: =VLOOKUP(Sheet1!$C25,City_CountyData[],2,0) -> Clay | E25: =VLOOKUP(Sheet1!$C25,City_CountyData[],3,0) -> 227418 | F25: Grady | G25: =Sheet1!$B25-Sheet1!$E25 -> -122418
B26: =SUBTOTAL(1,B23:B25) -> 148133.33 | D26: Clay Average
A27: 45261 | B27: 314000 | C27: Fountainville | D27: =VLOOKUP(Sheet1!$C27,City_CountyData[],2,0) -> Davison | E27: =VLOOKUP(Sheet1!$C27,City_CountyData[],3,0) -> 506274 | F27: Wu | G27: =Sheet1!$B27-Sheet1!$E27 -> -192274
A28: 45067 | B28: 590000 | C28: Mitchell | D28: =VLOOKUP(Sheet1!$C28,City_CountyData[],2,0) -> Davison | E28: =VLOOKUP(Sheet1!$C28,City_CountyData[],3,0) -> 506274 | F28: Alvarez | G28: =Sheet1!$B28-Sheet1!$E28 -> 83726
A29: 44954 | B29: 287500 | C29: Mitchell | D29: =VLOOKUP(Sheet1!$C29,City_CountyData[],2,0) -> Davison | E29: =VLOOKUP(Sheet1!$C29,City_CountyData[],3,0) -> 506274 | F29: Ogea | G29: =Sheet1!$B29-Sheet1!$E29 -> -218774
A30: 45004 | B30: 280000 | C30: Mitchell | D30: =VLOOKUP(Sheet1!$C30,City_CountyData[],2,0) -> Davison | E30: =VLOOKUP(Sheet1!$C30,City_CountyData[],3,0) -> 506274 | F30: Alvarez | G30: =Sheet1!$B30-Sheet1!$E30 -> -226274
A31: 45130 | B31: 118000 | C31: Mitchell | D31: =VLOOKUP(Sheet1!$C31,City_CountyData[],2,0) -> Davison | E31: =VLOOKUP(Sheet1!$C31,City_CountyData[],3,0) -> 506274 | F31: Crenshaw | G31: =Sheet1!$B31-Sheet1!$E31 -> -388274
A32: 45156 | B32: 298000 | C32: Watertown | D32: =VLOOKUP(Sheet1!$C32,City_CountyData[],2,0) -> Davison | E32: =VLOOKUP(Sheet1!$C32,City_CountyData[],3,0) -> 506274 | F32: Patel | G32: =Sheet1!$B32-Sheet1!$E32 -> -208274
B33: =SUBTOTAL(1,B27:B32) -> 314583.33 | D33: Davison Average
A34: 44988 | B34: 230000 | C34: Milbank | D34: =VLOOKUP(Sheet1!$C34,City_CountyData[],2,0) -> Grant | E34: =VLOOKUP(Sheet1!$C34,City_CountyData[],3,0) -> 207661 | F34: Ford | G34: =Sheet1!$B34-Sheet1!$E34 -> 22339
A35: 45218 | B35: 179000 | C35: Milbank | D35: =VLOOKUP(Sheet1!$C35,City_CountyData[],2,0) -> Grant | E35: =VLOOKUP(Sheet1!$C35,City_CountyData[],3,0) -> 207661 | F35: Boone | G35: =Sheet1!$B35-Sheet1!$E35 -> -28661
A36: 45092 | B36: 112800 | C36: Milbank | D36: =VLOOKUP(Sheet1!$C36,City_CountyData[],2,0) -> Grant | E36: =VLOOKUP(Sheet1!$C36,City_CountyData[],3,0) -> 207661 | F36: Alvarez | G36: =Sheet1!$B36-Sheet1!$E36 -> -94861
B37: =SUBTOTAL(1,B34:B36) -> 173933.33 | D37: Grant Average
A38: 45249 | B38: 173000 | C38: Germantown | D38: =VLOOKUP(Sheet1!$C38,City_CountyData[],2,0) -> Lawrence | E38: =VLOOKUP(Sheet1!$C38,City_CountyData[],3,0) -> 197560 | F38: Locklear | G38: =Sheet1!$B38-Sheet1!$E38 -> -24560
A39: 45118 | B39: 269000 | C39: Lead | D39: =VLOOKUP(Sheet1!$C39,City_CountyData[],2,0) -> Lawrence | E39: =VLOOKUP(Sheet1!$C39,City_CountyData[],3,0) -> 197560 | F39: Wu | G39: =Sheet1!$B39-Sheet1!$E39 -> 71440
A40: 44996 | B40: 265000 | C40: Lead | D40: =VLOOKUP(Sheet1!$C40,City_CountyData[],2,0) -> Lawrence | E40: =VLOOKUP(Sheet1!$C40,City_CountyData[],3,0) -> 197560 | F40: Boone | G40: =Sheet1!$B40-Sheet1!$E40 -> 67440
A41: 45281 | B41: 141900 | C41: Lead | D41: =VLOOKUP(Sheet1!$C41,City_CountyData[],2,0) -> Lawrence | E41: =VLOOKUP(Sheet1!$C41,City_CountyData[],3,0) -> 197560 | F41: Nguyen | G41: =Sheet1!$B41-Sheet1!$E41 -> -55660
A42: 44961 | B42: 350000 | C42: Spearfish | D42: =VLOOKUP(Sheet1!$C42,City_CountyData[],2,0) -> Lawrence | E42: =VLOOKUP(Sheet1!$C42,City_CountyData[],3,0) -> 197560 | F42: Boone | G42: =Sheet1!$B42-Sheet1!$E42 -> 152440
A43: 45085 | B43: 261000 | C43: Spearfish | D43: =VLOOKUP(Sheet1!$C43,City_CountyData[],2,0) -> Lawrence | E43: =VLOOKUP(Sheet1!$C43,City_CountyData[],3,0) -> 197560 | F43: Locklear | G43: =Sheet1!$B43-Sheet1!$E43 -> 63440
B44: =SUBTOTAL(1,B38:B43) -> 243316.67 | D44: Lawrence Average
A45: 45172 | B45: 578000 | C45: Birmingham | D45: =VLOOKUP(Sheet1!$C45,City_CountyData[],2,0) -> Lincoln | E45: =VLOOKUP(Sheet1!$C45,City_CountyData[],3,0) -> 298177 | F45: Ford | G45: =Sheet1!$B45-Sheet1!$E45 -> 279823
A46: 44979 | B46: 190000 | C46: Harrisburg | D46: =VLOOKUP(Sheet1!$C46,City_CountyData[],2,0) -> Lincoln | E46: =VLOOKUP(Sheet1!$C46,City_CountyData[],3,0) -> 298177 | F46: Alvarez | G46: =Sheet1!$B46-Sheet1!$E46 -> -108177
A47: 44999 | B47: 1475000 | C47: Lennox | D47: =VLOOKUP(Sheet1!$C47,City_CountyData[],2,0) -> Lincoln | E47: =VLOOKUP(Sheet1!$C47,City_CountyData[],3,0) -> 298177 | F47: Wu | G47: =Sheet1!$B47-Sheet1!$E47 -> 1176823
A48: 45203 | B48: 450000 | C48: Lennox | D48: =VLOOKUP(Sheet1!$C48,City_CountyData[],2,0) -> Lincoln | E48: =VLOOKUP(Sheet1!$C48,City_CountyData[],3,0) -> 298177 | F48: Ogea | G48: =Sheet1!$B48-Sheet1!$E48 -> 151823
A49: 45122 | B49: 346000 | C49: Lennox | D49: =VLOOKUP(Sheet1!$C49,City_CountyData[],2,0) -> Lincoln | E49: =VLOOKUP(Sheet1!$C49,City_CountyData[],3,0) -> 298177 | F49: Locklear | G49: =Sheet1!$B49-Sheet1!$E49 -> 47823
A50: 45121 | B50: 799900 | C50: Summerset | D50: =VLOOKUP(Sheet1!$C50,City_CountyData[],2,0) -> Lincoln | E50: =VLOOKUP(Sheet1!$C50,City_CountyData[],3,0) -> 298177 | F50: Ford | G50: =Sheet1!$B50-Sheet1!$E50 -> 501723
A51: 45199 | B51: 378400 | C51: Summerset | D51: =VLOOKUP(Sheet1!$C51,City_CountyData[],2,0) -> Lincoln | E51: =VLOOKUP(Sheet1!$C51,City_CountyData[],3,0) -> 298177 | F51: Crenshaw | G51: =Sheet1!$B51-Sheet1!$E51 -> 80223
A52: 44997 | B52: 289900 | C52: Summerset | D52: =VLOOKUP(Sheet1!$C52,City_CountyData[],2,0) -> Lincoln | E52: =VLOOKUP(Sheet1!$C52,City_CountyData[],3,0) -> 298177 | F52: Crenshaw | G52: =Sheet1!$B52-Sheet1!$E52 -> -8277
B53: =SUBTOTAL(1,B45:B52) -> 563400 | D53: Lincoln Average
A54: 44975 | B54: 364900 | C54: Sturgis | D54: =VLOOKUP(Sheet1!$C54,City_CountyData[],2,0) -> Meade | E54: =VLOOKUP(Sheet1!$C54,City_CountyData[],3,0) -> 368841 | F54: Robinson | G54: =Sheet1!$B54-Sheet1!$E54 -> -3941
B55: =SUBTOTAL(1,B54:B54) -> 364900 | D55: Meade Average
A56: 45026 | B56: 159500 | C56: Garretson | D56: =VLOOKUP(Sheet1!$C56,City_CountyData[],2,0) -> Minnehaha | E56: =VLOOKUP(Sheet1!$C56,City_CountyData[],3,0) -> 388497 | F56: Alvarez | G56: =Sheet1!$B56-Sheet1!$E56 -> -228997
A57: 45242 | B57: 432000 | C57: Grafton | D57: =VLOOKUP(Sheet1!$C57,City_CountyData[],2,0) -> Minnehaha | E57: =VLOOKUP(Sheet1!$C57,City_CountyData[],3,0) -> 388497 | F57: Robinson | G57: =Sheet1!$B57-Sheet1!$E57 -> 43503
A58: 44959 | B58: 550000 | C58: Sioux Falls | D58: =VLOOKUP(Sheet1!$C58,City_CountyData[],2,0) -> Minnehaha | E58: =VLOOKUP(Sheet1!$C58,City_CountyData[],3,0) -> 388497 | F58: Robinson | G58: =Sheet1!$B58-Sheet1!$E58 -> 161503
A59: 45071 | B59: 440000 | C59: Sioux Falls | D59: =VLOOKUP(Sheet1!$C59,City_CountyData[],2,0) -> Minnehaha | E59: =VLOOKUP(Sheet1!$C59,City_CountyData[],3,0) -> 388497 | F59: Grady | G59: =Sheet1!$B59-Sheet1!$E59 -> 51503
A60: 45036 | B60: 330000 | C60: Sioux Falls | D60: =VLOOKUP(Sheet1!$C60,City_CountyData[],2,0) -> Minnehaha | E60: =VLOOKUP(Sheet1!$C60,City_CountyData[],3,0) -> 388497 | F60: Grady | G60: =Sheet1!$B60-Sheet1!$E60 -> -58497
A61: 45045 | B61: 297000 | C61: Sioux Falls | D61: =VLOOKUP(Sheet1!$C61,City_CountyData[],2,0) -> Minnehaha | E61: =VLOOKUP(Sheet1!$C61,City_CountyData[],3,0) -> 388497 | F61: Crenshaw | G61: =Sheet1!$B61-Sheet1!$E61 -> -91497
A62: 44934 | B62: 245000 | C62: Sioux Falls | D62: =VLOOKUP(Sheet1!$C62,City_CountyData[],2,0) -> Minnehaha | E62: =VLOOKUP(Sheet1!$C62,City_CountyData[],3,0) -> 388497 | F62: Boone | G62: =Sheet1!$B62-Sheet1!$E62 -> -143497
A63: 45025 | B63: 229900 | C63: Sioux Falls | D63: =VLOOKUP(Sheet1!$C63,City_CountyData[],2,0) -> Minnehaha | E63: =VLOOKUP(Sheet1!$C63,City_CountyData[],3,0) -> 388497 | F63: Ford | G63: =Sheet1!$B63-Sheet1!$E63 -> -158597
B64: =SUBTOTAL(1,B56:B63) -> 335425 | D64: Minnehaha Average
A65: 45209 | B65: 395000 | C65: Pine Ridge | D65: =VLOOKUP(Sheet1!$C65,City_CountyData[],2,0) -> Oglala Lakota | E65: =VLOOKUP(Sheet1!$C65,City_CountyData[],3,0) -> 201748 | F65: Robinson | G65: =Sheet1!$B65-Sheet1!$E65 -> 193252
A66: 45104 | B66: 284000 | C66: Pine Ridge | D66: =VLOOKUP(Sheet1!$C66,City_CountyData[],2,0) -> Oglala Lakota | E66: =VLOOKUP(Sheet1!$C66,City_CountyData[],3,0) -> 201748 | F66: Alvarez | G66: =Sheet1!$B66-Sheet1!$E66 -> 82252
A67: 44991 | B67: 63900 | C67: Pine Ridge | D67: =VLOOKUP(Sheet1!$C67,City_CountyData[],2,0) -> Oglala Lakota | E67: =VLOOKUP(Sheet1!$C67,City_CountyData[],3,0) -> 201748 | F67: Locklear | G67: =Sheet1!$B67-Sheet1!$E67 -> -137848
A68: 45034 | B68: 439000 | C68: Porcupine | D68: =VLOOKUP(Sheet1!$C68,City_CountyData[],2,0) -> Oglala Lakota | E68: =VLOOKUP(Sheet1!$C68,City_CountyData[],3,0) -> 201748 | F68: Nguyen | G68: =Sheet1!$B68-Sheet1!$E68 -> 237252
B69: =SUBTOTAL(1,B65:B68) -> 295475 | D69: Oglala Lakota Average
A70: 44966 | B70: 299900 | C70: Box Elder | D70: =VLOOKUP(Sheet1!$C70,City_CountyData[],2,0) -> Pennington | E70: =VLOOKUP(Sheet1!$C70,City_CountyData[],3,0) -> 266875 | F70: Alvarez | G70: =Sheet1!$B70-Sheet1!$E70 -> 33025
A71: 45086 | B71: 74900 | C71: Box Elder | D71: =VLOOKUP(Sheet1!$C71,City_CountyData[],2,0) -> Pennington | E71: =VLOOKUP(Sheet1!$C71,City_CountyData[],3,0) -> 266875 | F71: Robinson | G71: =Sheet1!$B71-Sheet1!$E71 -> -191975
A72: 45042 | B72: 635000 | C72: Rapid City | D72: =VLOOKUP(Sheet1!$C72,City_CountyData[],2,0) -> Pennington | E72: =VLOOKUP(Sheet1!$C72,City_CountyData[],3,0) -> 266875 | F72: Boone | G72: =Sheet1!$B72-Sheet1!$E72 -> 368125
A73: 45150 | B73: 599000 | C73: Rapid City | D73: =VLOOKUP(Sheet1!$C73,City_CountyData[],2,0) -> Pennington | E73: =VLOOKUP(Sheet1!$C73,City_CountyData[],3,0) -> 266875 | F73: Wu | G73: =Sheet1!$B73-Sheet1!$E73 -> 332125
A74: 44940 | B74: 385000 | C74: Rapid City | D74: =VLOOKUP(Sheet1!$C74,City_CountyData[],2,0) -> Pennington | E74: =VLOOKUP(Sheet1!$C74,City_CountyData[],3,0) -> 266875 | F74: Nguyen | G74: =Sheet1!$B74-Sheet1!$E74 -> 118125
A75: 45008 | B75: 275000 | C75: Rapid City | D75: =VLOOKUP(Sheet1!$C75,City_CountyData[],2,0) -> Pennington | E75: =VLOOKUP(Sheet1!$C75,City_CountyData[],3,0) -> 266875 | F75: Smith | G75: =Sheet1!$B75-Sheet1!$E75 -> 8125
A76: 45288 | B76: 245000 | C76: Rapid City | D76: =VLOOKUP(Sheet1!$C76,City_CountyData[],2,0) -> Pennington | E76: =VLOOKUP(Sheet1!$C76,City_CountyData[],3,0) -> 266875 | F76: Grady | G76: =Sheet1!$B76-Sheet1!$E76 -> -21875
A77: 45046 | B77: 144000 | C77: Rapid City | D77: =VLOOKUP(Sheet1!$C77,City_CountyData[],2,0) -> Pennington | E77: =VLOOKUP(Sheet1!$C77,City_CountyData[],3,0) -> 266875 | F77: Ogea | G77: =Sheet1!$B77-Sheet1!$E77 -> -122875
A78: 44972 | B78: 265000 | C78: Rapid Valley | D78: =VLOOKUP(Sheet1!$C78,City_CountyData[],2,0) -> Pennington | E78: =VLOOKUP(Sheet1!$C78,City_CountyData[],3,0) -> 266875 | F78: Locklear | G78: =Sheet1!$B78-Sheet1!$E78 -> -1875
B79: =SUBTOTAL(1,B70:B78) -> 324755.56 | D79: Pennington Average
A80: 45016 | B80: 635000 | C80: Gettysburg | D80: =VLOOKUP(Sheet1!$C80,City_CountyData[],2,0) -> Potter | E80: =VLOOKUP(Sheet1!$C80,City_CountyData[],3,0) -> 249762 | F80: Nguyen | G80: =Sheet1!$B80-Sheet1!$E80 -> 385238
B81: =SUBTOTAL(1,B80:B80) -> 635000 | D81: Potter Average
A82: 44986 | B82: 149900 | C82: Dakota Dunes | D82: =VLOOKUP(Sheet1!$C82,City_CountyData[],2,0) -> Union | E82: =VLOOKUP(Sheet1!$C82,City_CountyData[],3,0) -> 339197 | F82: Wu | G82: =Sheet1!$B82-Sheet1!$E82 -> -189297
A83: 45267 | B83: 207000 | C83: Dayton | D83: =VLOOKUP(Sheet1!$C83,City_CountyData[],2,0) -> Union | E83: =VLOOKUP(Sheet1!$C83,City_CountyData[],3,0) -> 339197 | F83: Patel | G83: =Sheet1!$B83-Sheet1!$E83 -> -132197
B84: =SUBTOTAL(1,B82:B83) -> 178450 | D84: Union Average
A85: 45062 | B85: 357000 | C85: Yankton | D85: =VLOOKUP(Sheet1!$C85,City_CountyData[],2,0) -> Yankton | E85: =VLOOKUP(Sheet1!$C85,City_CountyData[],3,0) -> 256076 | F85: Boone | G85: =Sheet1!$B85-Sheet1!$E85 -> 100924
A86: 44945 | B86: 215000 | C86: Yankton | D86: =VLOOKUP(Sheet1!$C86,City_CountyData[],2,0) -> Yankton | E86: =VLOOKUP(Sheet1!$C86,City_CountyData[],3,0) -> 256076 | F86: Crenshaw | G86: =Sheet1!$B86-Sheet1!$E86 -> -41076
B87: =SUBTOTAL(1,B85:B86) -> 286000 | D87: Yankton Average
B88: =SUBTOTAL(1,B4:B86) -> 322544.78 | D88: Grand Average

Sheet Sheet2
A1: City | B1: County | C1: Avg Home Price
A2: Aberdeen | B2: Brown | C2: 235241
A3: Belle Fourche | B3: Butte | C3: 179453
A4: Birmingham | B4: Lincoln | C4: 298177
A5: Boardson | B5: Bon Homme | C5: 323188
A6: Box Elder | B6: Pennington | C6: 266875
A7: Cedarburg | B7: Butte | C7: 179453
A8: Chamberlain | B8: Brule | C8: 278201
A9: Dakota Dunes | B9: Union | C9: 339197
A10: Dayton | B10: Union | C10: 339197
A11: Fall City | B11: Charles Mix | C11: 188622
A12: Fountainville | B12: Davison | C12: 506274
A13: Garretson | B13: Minnehaha | C13: 388497
... A35: Yankton | B35: Yankton | C35: 256076
