Workbook

Sheet Block 1
A1: Grade Book
A2: Course: Introduction to Business
A3: Last Name | B3: First Name | C3: Quiz 1 | D3: Quiz 2 | E3: Quiz 3 | F3: Project | G3: Final Exam | H3: Grade
A4: McFall | B4: Aaron | C4: 10 | D4: 9 | E4: 7 | F4: 96 | G4: 94 | H4: =SUM(C4:G4) -> 216
A5: Smith | B5: John | C5: 8 | D5: 8 | E5: 8 | F5: 88 | G5: 92 | H5: =SUM(C5:G5) -> 204
A6: Herp | B6: Chad | C6: 8 | D6: 9 | E6: 9 | F6: 82 | G6: 90 | H6: =SUM(C6:G6) -> 198
A7: Anderson | B7: Shelly | C7: 7 | D7: 7 | E7: 8 | F7: 89 | G7: 82 | H7: =SUM(C7:G7) -> 193
A8: Chopra | B8: Rachel | C8: 10 | D8: 9 | E8: 9 | F8: 88 | G8: 97 | H8: =SUM(C8:G8) -> 213
A9: Davison | B9: Eric | C9: 7 | D9: 8 | E9: 7 | F9: 74 | G9: 70 | H9: =SUM(C9:G9) -> 166
A10: Hensley | B10: Kari | C10: 6 | D10: 6 | E10: 0 | F10: 65 | G10: 63 | H10: =SUM(C10:G10) -> 140
A11: Long | B11: Michal | C11: 8 | D11: 8 | E11: 9 | F11: 91 | G11: 90 | H11: =SUM(C11:G11) -> 206
A12: Paschke | B12: Dorena | C12: 9 | D12: 9 | E12: 10 | F12: 96 | G12: 98 | H12: =SUM(C12:G12) -> 222
A13: Wang | B13: Tony | C13: 8 | D13: 9 | E13: 10 | F13: 94 | G13: 91 | H13: =SUM(C13:G13) -> 212
A14: Ribaute | B14: Delphine | C14: 7 | D14: 7 | E14: 7 | F14: 78 | G14: 74 | H14: =SUM(C14:G14) -> 173
B15: Average | C15: =AVERAGE(C4:C14) -> 8 | D15: =AVERAGE(D4:D14) -> 8.0909091 | E15: =AVERAGE(E4:E14) -> 7.6363636 | F15: =AVERAGE(F4:F14) -> 85.545455 | G15: =AVERAGE(G4:G14) -> 85.545455 | H15: =AVERAGE(H4:H14) -> 194.81818
B16: Min | C16: =MIN(C4:C14) -> 6 | D16: =MIN(D4:D14) -> 6 | E16: =MIN(E4:E14) -> 0 | F16: =MIN(F4:F14) -> 65 | G16: =MIN(G4:G14) -> 63 | H16: =MIN(H4:H14) -> 140
B17: Max | C17: =MAX(C4:C14) -> 10 | D17: =MAX(D4:D14) -> 9 | E17: =MAX(E4:E14) -> 10 | F17: =MAX(F4:F14) -> 96 | G17: =MAX(G4:G14) -> 98 | H17: =MAX(H4:H14) -> 222

Sheet Block 2
A1: Grade Book
A2: Course: Marketing
A3: Last Name | B3: First Name | C3: Quiz 1 | D3: Quiz 2 | E3: Quiz 3 | F3: Project | G3: Final Exam | H3: Grade
A4: McFall | B4: Aaron | C4: 9 | D4: 10 | E4: 9 | F4: 82 | G4: 92 | H4: =SUM(C4:G4) -> 202
A5: Smith | B5: John | C5: 7 | D5: 8 | E5: 8 | F5: 81 | G5: 91 | H5: =SUM(C5:G5) -> 195
A6: Herp | B6: Chad | C6: 8 | D6: 8 | E6: 8 | F6: 93 | G6: 88 | H6: =SUM(C6:G6) -> 205
A7: Anderson | B7: Shelly | C7: 7 | D7: 0 | E7: 7 | F7: 66 | G7: 84 | H7: =SUM(C7:G7) -> 164
A8: Chopra | B8: Rachel | C8: 9 | D8: 9 | E8: 10 | F8: 90 | G8: 95 | H8: =SUM(C8:G8) -> 213
A9: Davison | B9: Eric | C9: 8 | D9: 7 | E9: 8 | F9: 84 | G9: 73 | H9: =SUM(C9:G9) -> 180
A10: Hensley | B10: Kari | C10: 7 | D10: 7 | E10: 7 | F10: 71 | G10: 68 | H10: =SUM(C10:G10) -> 160
A11: Long | B11: Michal | C11: 9 | D11: 9 | E11: 10 | F11: 92 | G11: 95 | H11: =SUM(C11:G11) -> 215
A12: Paschke | B12: Dorena | C12: 9 | D12: 10 | E12: 9 | F12: 95 | G12: 96 | H12: =SUM(C12:G12) -> 219
A13: Wang | B13: Tony | C13: 10 | D13: 9 | E13: 9 | F13: 89 | G13: 93 | H13: =SUM(C13:G13) -> 210
A14: Ribaute | B14: Delphine | C14: 8 | D14: 7 | E14: 8 | F14: 84 | G14: 76 | H14: =SUM(C14:G14) -> 183
B15: Average | C15: =AVERAGE(C4:C14) -> 8.2727273 | D15: =AVERAGE(D4:D14) -> 7.6363636 | E15: =AVERAGE(E4:E14) -> 8.4545455 | F15: =AVERAGE(F4:F14) -> 84.272727 | G15: =AVERAGE(G4:G14) -> 86.454545 | H15: =AVERAGE(H4:H14) -> 195.09091
B16: Min | C16: =MIN(C4:C14) -> 7 | D16: =MIN(D4:D14) -> 0 | E16: =MIN(E4:E14) -> 7 | F16: =MIN(F4:F14) -> 66 | G16: =MIN(G4:G14) -> 68 | H16: =MIN(H4:H14) -> 160
B17: Max | C17: =MAX(C4:C14) -> 10 | D17: =MAX(D4:D14) -> 10 | E17: =MAX(E4:E14) -> 10 | F17: =MAX(F4:F14) -> 95 | G17: =MAX(G4:G14) -> 96 | H17: =MAX(H4:H14) -> 219

Sheet Block 3
A1: Grade Book
A2: Course: Entrepreneurship
A3: Last Name | B3: First Name | C3: Quiz 1 | D3: Quiz 2 | E3: Quiz 3 | F3: Project | G3: Final Exam | H3: Grade
A4: McFall | B4: Aaron | C4: 8 | D4: 9 | E4: 9 | F4: 88 | G4: 93 | H4: =SUM(C4:G4) -> 207
A5: Smith | B5: John | C5: 8 | D5: 7 | E5: 8 | F5: 86 | G5: 88 | H5: =SUM(C5:G5) -> 197
A6: Herp | B6: Chad | C6: 9 | D6: 9 | E6: 8 | F6: 91 | G6: 91 | H6: =SUM(C6:G6) -> 208
A7: Anderson | B7: Shelly | C7: 8 | D7: 8 | E7: 8 | F7: 82 | G7: 86 | H7: =SUM(C7:G7) -> 192
A8: Chopra | B8: Rachel | C8: 10 | D8: 10 | E8: 9 | F8: 94 | G8: 97 | H8: =SUM(C8:G8) -> 220
A9: Davison | B9: Eric | C9: 8 | D9: 8 | E9: 7 | F9: 86 | G9: 84 | H9: =SUM(C9:G9) -> 193
A10: Hensley | B10: Kari | C10: 8 | D10: 7 | E10: 6 | F10: 74 | G10: 72 | H10: =SUM(C10:G10) -> 167
A11: Long | B11: Michal | C11: 10 | D11: 10 | E11: 8 | F11: 89 | G11: 94 | H11: =SUM(C11:G11) -> 211
A12: Paschke | B12: Dorena | C12: 10 | D12: 10 | E12: 10 | F12: 98 | G12: 98 | H12: =SUM(C12:G12) -> 226
A13: Wang | B13: Tony | C13: 9 | D13: 9 | E13: 9 | F13: 96 | G13: 92 | H13: =SUM(C13:G13) -> 215
A14: Ribaute | B14: Delphine | C14: 8 | D14: 8 | E14: 8 | F14: 82 | G14: 85 | H14: =SUM(C14:G14) -> 191
B15: Average | C15: =AVERAGE(C4:C14) -> 8.7272727 | D15: =AVERAGE(D4:D14) -> 8.6363636 | E15: =AVERAGE(E4:E14) -> 8.1818182 | F15: =AVERAGE(F4:F14) -> 87.818182 | G15: =AVERAGE(G4:G14) -> 89.090909 | H15: =AVERAGE(H4:H14) -> 202.45455
B16: Min | C16: =MIN(C4:C14) -> 8 | D16: =MIN(D4:D14) -> 7 | E16: =MIN(E4:E14) -> 6 | F16: =MIN(F4:F14) -> 74 | G16: =MIN(G4:G14) -> 72 | H16: =MIN(H4:H14) -> 167
B17: Max | C17: =MAX(C4:C14) -> 10 | D17: =MAX(D4:D14) -> 10 | E17: =MAX(E4:E14) -> 10 | F17: =MAX(F4:F14) -> 98 | G17: =MAX(G4:G14) -> 98 | H17: =MAX(H4:H14) -> 226

Sheet Final Grades
A1: FINAL GRADES
A2: Last Name | B2: First Name | C2: Business | D2: Marketing | E2: Entrepreneurship
A3: ='Block 3'!A4 -> McFall | B3: ='Block 3'!B4 -> Aaron | C3: ='Block 1'!H4/230 -> 0.93913043 | D3: ='Block 2'!H4/230 -> 0.87826087 | E3: ='Block 3'!H4/230 -> 0.9
A4: ='Block 3'!A5 -> Smith | B4: ='Block 3'!B5 -> John | C4: ='Block 1'!H5/230 -> 0.88695652 | D4: ='Block 2'!H5/230 -> 0.84782609 | E4: ='Block 3'!H5/230 -> 0.85652174
A5: ='Block 3'!A6 -> Herp | B5: ='Block 3'!B6 -> Chad | C5: ='Block 1'!H6/230 -> 0.86086957 | D5: ='Block 2'!H6/230 -> 0.89130435 | E5: ='Block 3'!H6/230 -> 0.90434783
A6: ='Block 3'!A7 -> Anderson | B6: ='Block 3'!B7 -> Shelly | C6: ='Block 1'!H7/230 -> 0.83913043 | D6: ='Block 2'!H7/230 -> 0.71304348 | E6: ='Block 3'!H7/230 -> 0.83478261
A7: ='Block 3'!A8 -> Chopra | B7: ='Block 3'!B8 -> Rachel | C7: ='Block 1'!H8/230 -> 0.92608696 | D7: ='Block 2'!H8/230 -> 0.92608696 | E7: ='Block 3'!H8/230 -> 0.95652174
A8: ='Block 3'!A9 -> Davison | B8: ='Block 3'!B9 -> Eric | C8: ='Block 1'!H9/230 -> 0.72173913 | D8: ='Block 2'!H9/230 -> 0.7826087 | E8: ='Block 3'!H9/230 -> 0.83913043
A9: ='Block 3'!A10 -> Hensley | B9: ='Block 3'!B10 -> Kari | C9: ='Block 1'!H10/230 -> 0.60869565 | D9: ='Block 2'!H10/230 -> 0.69565217 | E9: ='Block 3'!H10/230 -> 0.72608696
A10: ='Block 3'!A11 -> Long | B10: ='Block 3'!B11 -> Michal | C10: ='Block 1'!H11/230 -> 0.89565217 | D10: ='Block 2'!H11/230 -> 0.93478261 | E10: ='Block 3'!H11/230 -> 0.9173913
A11: ='Block 3'!A12 -> Paschke | B11: ='Block 3'!B12 -> Dorena | C11: ='Block 1'!H12/230 -> 0.96521739 | D11: ='Block 2'!H12/230 -> 0.95217391 | E11: ='Block 3'!H12/230 -> 0.9826087
A12: ='Block 3'!A13 -> Wang | B12: ='Block 3'!B13 -> Tony | C12: ='Block 1'!H13/230 -> 0.92173913 | D12: ='Block 2'!H13/230 -> 0.91304348 | E12: ='Block 3'!H13/230 -> 0.93478261
A13: ='Block 3'!A14 -> Ribaute | B13: ='Block 3'!B14 -> Delphine | C13: ='Block 1'!H14/230 -> 0.75217391 | D13: ='Block 2'!H14/230 -> 0.79565217 | E13: ='Block 3'!H14/230 -> 0.83043478
